{"cameraMode":{"drawMode":0,"name":"Shaded","section":"Shading Mode"},"sceneLighting":false,"audioPlay":false,"sceneViewState":{"showFog":true,"showMaterialUpdate":false,"showSkybox":false,"showFlares":true,"showImageEffects":true,"showParticleSystems":true},"in2DMode":false,"pivot":{"x":1.4946966171264649,"y":2.440000057220459,"z":-1.0199999809265137},"rotation":{"x":-0.22861629724502564,"y":0.20040611922740937,"z":-0.04815533384680748,"w":-0.9514581561088562},"size":2.8578836917877199,"orthographic":false}