{"cameraMode":{"drawMode":0,"name":"Shaded","section":"Shading Mode"},"sceneLighting":false,"audioPlay":false,"sceneViewState":{"showFog":true,"showMaterialUpdate":false,"showSkybox":false,"showFlares":true,"showImageEffects":true,"showParticleSystems":true},"in2DMode":false,"pivot":{"x":-0.6944100260734558,"y":2.390000104904175,"z":-0.9711815118789673},"rotation":{"x":-0.2028927356004715,"y":-0.0008844280964694917,"z":0.00018209642439614981,"w":-0.9792092442512512},"size":2.6461641788482668,"orthographic":false}