{"cameraMode":{"drawMode":0,"name":"Shaded","section":"Shading Mode"},"sceneLighting":true,"audioPlay":false,"sceneViewState":{"showFog":true,"showMaterialUpdate":false,"showSkybox":true,"showFlares":true,"showImageEffects":true,"showParticleSystems":true},"in2DMode":false,"pivot":{"x":2.380000114440918,"y":-1.9855877161026,"z":16.73463249206543},"rotation":{"x":-0.08668895810842514,"y":0.6772894263267517,"z":-0.0808420181274414,"w":-0.7261434197425842},"size":43.521968841552737,"orthographic":false}